Query_ID	Target_ID	Optimal_offset	p-value	E-value	q-value	Overlap	Query_consensus	Target_consensus	Orientation
CAGMTCTCGCGAGAKCTG	MA0527.1	-3	1.89541e-08	1.89541e-07	1.89541e-07	15	CAGCTCTCGCGAGAGCTG	CTCTCGCGAGATCTG	+
CAGMTCTCGCGAGAKCTG	MA0907.1	-4	0.0409444	0.409444	0.204722	11	CAGCTCTCGCGAGAGCTG	GCTCGTAAAAA	+
KGCGACCACACTG	MA0734.1	-1	5.23451e-09	5.23451e-08	1.0469e-07	12	TGCGACCACACTG	GCGACCACACTG	+
AACAATGGTAGTGTT	MA0866.1	0	1.79114e-11	1.79114e-10	3.58229e-10	15	AACAATGGTAGTGTT	AACAATGGTAGTGTT	+
AACAATGGTAGTGTT	MA1120.1	1	0.00109121	0.0109121	0.00727474	10	AACAATGGTAGTGTT	AAACAATGGCA	+
AACAATGGTAGTGTT	MA0789.1	-3	0.0910163	0.910163	0.406892	9	AACAATGGTAGTGTT	TATGCAAAT	+
AAGGTGTGAAAAT	MA0800.1	0	9.42805e-07	9.42805e-06	1.88561e-05	13	AAGGTGTGAAAAT	AAGGTGTGAAAAT	+
AAGGTGTGAAAAT	MA0789.1	-4	0.0262046	0.262046	0.262046	9	AAGGTGTGAAAAT	TATGCAAAT	+
AAGGTGTGAAAAT	MA0796.1	3	0.0534665	0.534665	0.356443	9	AAGGTGTGAAAAT	TGACAGCTGTCA	+
AAACAATGGY	MA1120.1	0	1.33615e-05	0.000133615	0.000142989	10	AAACAATGGT	AAACAATGGCA	+
AAACAATGGY	MA0866.1	-1	1.42989e-05	0.000142989	0.000142989	9	AAACAATGGT	AACAATGGTAGTGTT	+
ATTWGCATA	MA0789.1	0	2.07485e-07	2.07485e-06	4.14971e-06	9	ATTTGCATA	ATTTGCATA	-
GCTCGTAAAA	MA0907.1	0	1.7067e-07	1.7067e-06	3.4134e-06	10	GCTCGTAAAA	GCTCGTAAAAA	+
TGACASSTGTCA	MA0796.1	0	3.81504e-13	3.81504e-12	7.63007e-12	12	TGACAGCTGTCA	TGACAGCTGTCA	-
TGACASSTGTCA	MA0698.1	0	0.0142626	0.142626	0.0950842	12	TGACAGCTGTCA	GAACATCTGGATG	-
TGACASSTGTCA	MA0800.1	4	0.0851104	0.851104	0.315014	9	TGACAGCTGTCA	ATTTTCACACCTT	-
CAACCCGGAAGTG	MA0641.1	-1	1.54571e-08	1.54571e-07	3.09141e-07	12	CAACCCGGAAGTG	AACCCGGAAGTG	+
CAACCCGGAAGTG	MA0698.1	-1	0.019611	0.19611	0.19611	12	CAACCCGGAAGTG	CATCCAGATGTTC	+
KGTAGTGTTC	MA0866.1	6	0.000186665	0.00186665	0.00373329	9	GGTAGTGTTC	AACAATGGTAGTGTT	+
KGTAGTGTTC	MA1120.1	1	0.0304186	0.304186	0.304186	10	GGTAGTGTTC	TGCCATTGTTT	-
CGAGATCTGS	MA0698.1	0	0.00295824	0.0295824	0.0591648	10	CGAGATCTGG	GAACATCTGGATG	-
CGAGATCTGS	MA0527.1	6	0.0219382	0.219382	0.146254	9	CGAGATCTGG	CTCTCGCGAGATCTG	+
CGAGATCTGS	MA0796.1	0	0.0337269	0.337269	0.168635	10	CGAGATCTGG	TGACAGCTGTCA	-
CATCCAGATGTTC	MA0698.1	0	8.11766e-08	8.11766e-07	1.62353e-06	13	CATCCAGATGTTC	CATCCAGATGTTC	+
CATCCAGATGTTC	MA0641.1	0	0.00843111	0.0843111	0.0843111	12	CATCCAGATGTTC	AACCCGGAAGTG	+

# Tomtom (Motif Comparison Tool): Version 5.4.1 compiled on Jan 27 2022 at 20:32:53
# The format of this file is described at https://meme-suite.org/meme/doc/tomtom-output-format.html.
# tomtom -oc tomtom_sd-80.fa_out.meme_out_all_considered sd-80.fa_out.meme ../d1.meme
